{
  "_config": {
    "optimizer": "sgd_nesterov",
    "streaming": true,
    "n_steps": 250,
    "lr": 0.024999999999999994,
    "batch_size": 262144
  },
  "0": {
    "train_loss_final": 57376.61819893122,
    "val_loss_best": 7.254951000213623,
    "steps_used": 250,
    "early_stopped": false,
    "raw_top1_agree": 0.00390625,
    "tuned_top1_agree": 0.1767578125,
    "raw_kl": 80.19325256347656,
    "tuned_kl": 7.334624290466309,
    "kl_delta_raw_minus_tuned": 72.85862827301025
  },
  "1": {
    "train_loss_final": 56277.357270911336,
    "val_loss_best": 7.017910003662109,
    "steps_used": 250,
    "early_stopped": false,
    "raw_top1_agree": 0.00244140625,
    "tuned_top1_agree": 0.18505859375,
    "raw_kl": 80.2242431640625,
    "tuned_kl": 7.120644569396973,
    "kl_delta_raw_minus_tuned": 73.10359859466553
  },
  "2": {
    "train_loss_final": 54195.44181852043,
    "val_loss_best": 6.704098701477051,
    "steps_used": 250,
    "early_stopped": false,
    "raw_top1_agree": 0.00390625,
    "tuned_top1_agree": 0.1904296875,
    "raw_kl": 63.431026458740234,
    "tuned_kl": 6.796443939208984,
    "kl_delta_raw_minus_tuned": 56.63458251953125
  },
  "3": {
    "train_loss_final": 52812.2804203555,
    "val_loss_best": 6.57395601272583,
    "steps_used": 250,
    "early_stopped": false,
    "raw_top1_agree": 0.00439453125,
    "tuned_top1_agree": 0.189453125,
    "raw_kl": 62.20949935913086,
    "tuned_kl": 6.63853645324707,
    "kl_delta_raw_minus_tuned": 55.57096290588379
  },
  "4": {
    "train_loss_final": 48279.8640293777,
    "val_loss_best": 5.948470592498779,
    "steps_used": 250,
    "early_stopped": false,
    "raw_top1_agree": 0.00341796875,
    "tuned_top1_agree": 0.16943359375,
    "raw_kl": 31.78424835205078,
    "tuned_kl": 6.044042587280273,
    "kl_delta_raw_minus_tuned": 25.740205764770508
  },
  "5": {
    "train_loss_final": 45879.60145317018,
    "val_loss_best": 5.6500678062438965,
    "steps_used": 250,
    "early_stopped": false,
    "raw_top1_agree": 0.00341796875,
    "tuned_top1_agree": 0.18603515625,
    "raw_kl": 27.137033462524414,
    "tuned_kl": 5.756985664367676,
    "kl_delta_raw_minus_tuned": 21.38004779815674
  },
  "6": {
    "train_loss_final": 43838.32357612997,
    "val_loss_best": 5.4105682373046875,
    "steps_used": 250,
    "early_stopped": false,
    "raw_top1_agree": 0.00537109375,
    "tuned_top1_agree": 0.18505859375,
    "raw_kl": 21.900083541870117,
    "tuned_kl": 5.502471446990967,
    "kl_delta_raw_minus_tuned": 16.39761209487915
  },
  "7": {
    "train_loss_final": 42412.65847531706,
    "val_loss_best": 5.21517276763916,
    "steps_used": 250,
    "early_stopped": false,
    "raw_top1_agree": 0.00634765625,
    "tuned_top1_agree": 0.18798828125,
    "raw_kl": 16.743438720703125,
    "tuned_kl": 5.313449859619141,
    "kl_delta_raw_minus_tuned": 11.429988861083984
  },
  "8": {
    "train_loss_final": 42017.55322340131,
    "val_loss_best": 5.145620346069336,
    "steps_used": 250,
    "early_stopped": false,
    "raw_top1_agree": 0.0078125,
    "tuned_top1_agree": 0.17431640625,
    "raw_kl": 11.7516450881958,
    "tuned_kl": 5.238162994384766,
    "kl_delta_raw_minus_tuned": 6.513482093811035
  },
  "9": {
    "train_loss_final": 41023.13886643946,
    "val_loss_best": 5.023172378540039,
    "steps_used": 250,
    "early_stopped": false,
    "raw_top1_agree": 0.01220703125,
    "tuned_top1_agree": 0.1787109375,
    "raw_kl": 10.321772575378418,
    "tuned_kl": 5.113341331481934,
    "kl_delta_raw_minus_tuned": 5.208431243896484
  },
  "10": {
    "train_loss_final": 41929.56076437235,
    "val_loss_best": 5.117366790771484,
    "steps_used": 250,
    "early_stopped": false,
    "raw_top1_agree": 0.013671875,
    "tuned_top1_agree": 0.1787109375,
    "raw_kl": 9.64776611328125,
    "tuned_kl": 5.212285041809082,
    "kl_delta_raw_minus_tuned": 4.435481071472168
  },
  "11": {
    "train_loss_final": 42145.43088453263,
    "val_loss_best": 5.141716957092285,
    "steps_used": 250,
    "early_stopped": false,
    "raw_top1_agree": 0.017578125,
    "tuned_top1_agree": 0.16748046875,
    "raw_kl": 9.443750381469727,
    "tuned_kl": 5.246148109436035,
    "kl_delta_raw_minus_tuned": 4.197602272033691
  },
  "12": {
    "train_loss_final": 42603.569224759936,
    "val_loss_best": 5.199225425720215,
    "steps_used": 250,
    "early_stopped": false,
    "raw_top1_agree": 0.0263671875,
    "tuned_top1_agree": 0.17041015625,
    "raw_kl": 9.307296752929688,
    "tuned_kl": 5.31855583190918,
    "kl_delta_raw_minus_tuned": 3.988740921020508
  },
  "13": {
    "train_loss_final": 42812.49864549935,
    "val_loss_best": 5.218596935272217,
    "steps_used": 250,
    "early_stopped": false,
    "raw_top1_agree": 0.03173828125,
    "tuned_top1_agree": 0.17431640625,
    "raw_kl": 9.344356536865234,
    "tuned_kl": 5.332542896270752,
    "kl_delta_raw_minus_tuned": 4.011813640594482
  },
  "14": {
    "train_loss_final": 42086.77035673708,
    "val_loss_best": 5.143953323364258,
    "steps_used": 250,
    "early_stopped": false,
    "raw_top1_agree": 0.04931640625,
    "tuned_top1_agree": 0.185546875,
    "raw_kl": 8.992934226989746,
    "tuned_kl": 5.274600982666016,
    "kl_delta_raw_minus_tuned": 3.7183332443237305
  },
  "15": {
    "train_loss_final": 40560.92343799025,
    "val_loss_best": 4.963879585266113,
    "steps_used": 250,
    "early_stopped": false,
    "raw_top1_agree": 0.076171875,
    "tuned_top1_agree": 0.2021484375,
    "raw_kl": 8.35438060760498,
    "tuned_kl": 5.085202217102051,
    "kl_delta_raw_minus_tuned": 3.2691783905029297
  },
  "16": {
    "train_loss_final": 38570.63623499125,
    "val_loss_best": 4.751794815063477,
    "steps_used": 250,
    "early_stopped": false,
    "raw_top1_agree": 0.1123046875,
    "tuned_top1_agree": 0.21484375,
    "raw_kl": 7.282508373260498,
    "tuned_kl": 4.892710208892822,
    "kl_delta_raw_minus_tuned": 2.389798164367676
  },
  "17": {
    "train_loss_final": 36296.95870458335,
    "val_loss_best": 4.49509334564209,
    "steps_used": 250,
    "early_stopped": false,
    "raw_top1_agree": 0.15283203125,
    "tuned_top1_agree": 0.23681640625,
    "raw_kl": 5.903318405151367,
    "tuned_kl": 4.626810550689697,
    "kl_delta_raw_minus_tuned": 1.27650785446167
  },
  "18": {
    "train_loss_final": 33500.54126633704,
    "val_loss_best": 4.174073696136475,
    "steps_used": 250,
    "early_stopped": false,
    "raw_top1_agree": 0.1806640625,
    "tuned_top1_agree": 0.26708984375,
    "raw_kl": 5.216850757598877,
    "tuned_kl": 4.285272598266602,
    "kl_delta_raw_minus_tuned": 0.9315781593322754
  },
  "19": {
    "train_loss_final": 30842.129895232618,
    "val_loss_best": 3.8649449348449707,
    "steps_used": 250,
    "early_stopped": false,
    "raw_top1_agree": 0.20654296875,
    "tuned_top1_agree": 0.29248046875,
    "raw_kl": 4.657463073730469,
    "tuned_kl": 3.971665143966675,
    "kl_delta_raw_minus_tuned": 0.685797929763794
  },
  "20": {
    "train_loss_final": 25293.025007851422,
    "val_loss_best": 3.202678680419922,
    "steps_used": 250,
    "early_stopped": false,
    "raw_top1_agree": 0.2451171875,
    "tuned_top1_agree": 0.36083984375,
    "raw_kl": 3.999636173248291,
    "tuned_kl": 3.2830471992492676,
    "kl_delta_raw_minus_tuned": 0.7165889739990234
  },
  "21": {
    "train_loss_final": 21498.218140266836,
    "val_loss_best": 2.740680694580078,
    "steps_used": 250,
    "early_stopped": false,
    "raw_top1_agree": 0.29443359375,
    "tuned_top1_agree": 0.42333984375,
    "raw_kl": 3.5365617275238037,
    "tuned_kl": 2.7903075218200684,
    "kl_delta_raw_minus_tuned": 0.7462542057037354
  },
  "22": {
    "train_loss_final": 18257.520859472454,
    "val_loss_best": 2.365823745727539,
    "steps_used": 250,
    "early_stopped": false,
    "raw_top1_agree": 0.345703125,
    "tuned_top1_agree": 0.47705078125,
    "raw_kl": 3.2999186515808105,
    "tuned_kl": 2.391024589538574,